60,Sylvan,BMX,52
57,Kania,BMX,53
78,Fern,BMX,57
98,Sancho,BMX,60
77,Zorine,BMX,67
51,Falito,BMX,68
54,Gayler,BMX,72
52,Hyacinthia,BMX,77
88,Spenser,BMX,82
76,Becki,BMX,83
75,Blayne,BMX,87
92,Keri,BMX,111
100,Violet,BMX,114
89,Rollins,MTB,54
91,Buiron,MTB,59
68,Jobie,MTB,66
59,Ellerey,MTB,78
62,Avis,MTB,79
94,Dorree,MTB,84
93,Richmound,MTB,91
79,Kalila,MTB,103
58,Damara,MTB,110
97,Christi,MTB,110
99,Somerset,PASEO,58
96,Torie,PASEO,62
71,Lynea,PASEO,69
85,Laurens,PASEO,78
84,Shea,PASEO,83
80,Celle,PASEO,94
64,Rolph,PASEO,96
63,Herrick,PASEO,96
74,Karrah,PASEO,101
72,Henriette,PASEO,102
70,Jenda,PASEO,104
82,Lisa,PASEO,105
73,Giorgio,PASEO,105
87,Izabel,PASEO,113
81,Auberta,PLAYERA,54
55,Warren,PLAYERA,69
65,Kirbee,PLAYERA,79
53,Mauricio,PLAYERA,81
56,Monique,PLAYERA,88
83,Adams,PLAYERA,90
67,Buddie,PLAYERA,98
69,Lothario,PLAYERA,98
61,Shannon,PLAYERA,103
90,Sol,PLAYERA,106
86,Alla,PLAYERA,106
95,Essie,PLAYERA,115
66,Jimmie,PLAYERA,118
